<ArmGcc>
  <armgcc.common.outputfiles.hex>True</armgcc.common.outputfiles.hex>
  <armgcc.common.outputfiles.lss>True</armgcc.common.outputfiles.lss>
  <armgcc.common.outputfiles.eep>True</armgcc.common.outputfiles.eep>
  <armgcc.common.outputfiles.bin>True</armgcc.common.outputfiles.bin>
  <armgcc.common.outputfiles.srec>True</armgcc.common.outputfiles.srec>
  <armgcc.compiler.symbols.DefSymbols>
    <ListValues>
      <Value>DEBUG</Value>
    </ListValues>
  </armgcc.compiler.symbols.DefSymbols>
  <armgcc.compiler.directories.IncludePaths>
    <ListValues>
      <Value>%24(PackRepoDir)\arm\CMSIS\5.4.0\CMSIS\Core\Include\</Value>
      <Value>../Config</Value>
      <Value>../</Value>
      <Value>../examples</Value>
      <Value>../hal/include</Value>
      <Value>../hal/utils/include</Value>
      <Value>../hpl/core</Value>
      <Value>../hpl/divas</Value>
      <Value>../hpl/dmac</Value>
      <Value>../hpl/gclk</Value>
      <Value>../hpl/mclk</Value>
      <Value>../hpl/osc32kctrl</Value>
      <Value>../hpl/oscctrl</Value>
      <Value>../hpl/pm</Value>
      <Value>../hpl/port</Value>
      <Value>../hpl/sercom</Value>
      <Value>../hpl/systick</Value>
      <Value>../hri</Value>
      <Value>../thirdparty/RTOS</Value>
      <Value>../thirdparty/RTOS/freertos/FreeRTOSV10.0.0</Value>
      <Value>../thirdparty/RTOS/freertos/FreeRTOSV10.0.0/Source/include</Value>
      <Value>../thirdparty/RTOS/freertos/FreeRTOSV10.0.0/Source/portable/GCC/ARM_CM0</Value>
      <Value>../thirdparty/RTOS/freertos/FreeRTOSV10.0.0/module_config</Value>
      <Value>%24(PackRepoDir)\atmel\SAMC21_DFP\1.2.176\samc21n\include</Value>
    </ListValues>
  </armgcc.compiler.directories.IncludePaths>
  <armgcc.compiler.optimization.level>Optimize (-O1)</armgcc.compiler.optimization.level>
  <armgcc.compiler.optimization.PrepareFunctionsForGarbageCollection>True</armgcc.compiler.optimization.PrepareFunctionsForGarbageCollection>
  <armgcc.compiler.optimization.DebugLevel>Maximum (-g3)</armgcc.compiler.optimization.DebugLevel>
  <armgcc.compiler.warnings.AllWarnings>True</armgcc.compiler.warnings.AllWarnings>
  <armgcc.linker.general.UseNewlibNano>True</armgcc.linker.general.UseNewlibNano>
  <armgcc.linker.libraries.Libraries>
    <ListValues>
      <Value>libm</Value>
    </ListValues>
  </armgcc.linker.libraries.Libraries>
  <armgcc.linker.libraries.LibrarySearchPaths>
    <ListValues>
      <Value>%24(ProjectDir)\Device_Startup</Value>
    </ListValues>
  </armgcc.linker.libraries.LibrarySearchPaths>
  <armgcc.linker.optimization.GarbageCollectUnusedSections>True</armgcc.linker.optimization.GarbageCollectUnusedSections>
  <armgcc.linker.miscellaneous.LinkerFlags>-Tsamc21n18a_flash.ld</armgcc.linker.miscellaneous.LinkerFlags>
  <armgcc.assembler.general.IncludePaths>
    <ListValues>
      <Value>%24(PackRepoDir)\arm\CMSIS\5.4.0\CMSIS\Core\Include\</Value>
      <Value>../Config</Value>
      <Value>../</Value>
      <Value>../examples</Value>
      <Value>../hal/include</Value>
      <Value>../hal/utils/include</Value>
      <Value>../hpl/core</Value>
      <Value>../hpl/divas</Value>
      <Value>../hpl/dmac</Value>
      <Value>../hpl/gclk</Value>
      <Value>../hpl/mclk</Value>
      <Value>../hpl/osc32kctrl</Value>
      <Value>../hpl/oscctrl</Value>
      <Value>../hpl/pm</Value>
      <Value>../hpl/port</Value>
      <Value>../hpl/sercom</Value>
      <Value>../hpl/systick</Value>
      <Value>../hri</Value>
      <Value>../thirdparty/RTOS</Value>
      <Value>../thirdparty/RTOS/freertos/FreeRTOSV10.0.0</Value>
      <Value>../thirdparty/RTOS/freertos/FreeRTOSV10.0.0/Source/include</Value>
      <Value>../thirdparty/RTOS/freertos/FreeRTOSV10.0.0/Source/portable/GCC/ARM_CM0</Value>
      <Value>../thirdparty/RTOS/freertos/FreeRTOSV10.0.0/module_config</Value>
      <Value>%24(PackRepoDir)\atmel\SAMC21_DFP\1.2.176\samc21n\include</Value>
    </ListValues>
  </armgcc.assembler.general.IncludePaths>
  <armgcc.assembler.debugging.DebugLevel>Default (-g)</armgcc.assembler.debugging.DebugLevel>
  <armgcc.preprocessingassembler.general.IncludePaths>
    <ListValues>
      <Value>%24(PackRepoDir)\arm\CMSIS\5.4.0\CMSIS\Core\Include\</Value>
      <Value>../Config</Value>
      <Value>../</Value>
      <Value>../examples</Value>
      <Value>../hal/include</Value>
      <Value>../hal/utils/include</Value>
      <Value>../hpl/core</Value>
      <Value>../hpl/divas</Value>
      <Value>../hpl/dmac</Value>
      <Value>../hpl/gclk</Value>
      <Value>../hpl/mclk</Value>
      <Value>../hpl/osc32kctrl</Value>
      <Value>../hpl/oscctrl</Value>
      <Value>../hpl/pm</Value>
      <Value>../hpl/port</Value>
      <Value>../hpl/sercom</Value>
      <Value>../hpl/systick</Value>
      <Value>../hri</Value>
      <Value>../thirdparty/RTOS</Value>
      <Value>../thirdparty/RTOS/freertos/FreeRTOSV10.0.0</Value>
      <Value>../thirdparty/RTOS/freertos/FreeRTOSV10.0.0/Source/include</Value>
      <Value>../thirdparty/RTOS/freertos/FreeRTOSV10.0.0/Source/portable/GCC/ARM_CM0</Value>
      <Value>../thirdparty/RTOS/freertos/FreeRTOSV10.0.0/module_config</Value>
      <Value>%24(PackRepoDir)\atmel\SAMC21_DFP\1.2.176\samc21n\include</Value>
    </ListValues>
  </armgcc.preprocessingassembler.general.IncludePaths>
  <armgcc.preprocessingassembler.debugging.DebugLevel>Default (-Wa,-g)</armgcc.preprocessingassembler.debugging.DebugLevel>
</ArmGcc>